METRIC,X_0,k
avg,0.03263056252264541,0.006359300012468427
se,0.002337047036933976,0.0014819941075377308
