METRIC,X_0,k
avg,0.1965639499009586,0.02961387013035721
se,0.002873063293690064,0.001305668955009725
