SOLUTION_ID,MINS_ELAPSED,INTERNAL_STD,SIG_INTERNAL_STD_DOWN,SIG_INTERNAL_STD_UP,SIG_INTERNAL_STD_AVG,SIG_BUTENEDIAL_DOWN,SIG_BUTENEDIAL_UP,SIG_BUTENEDIAL_NORM,PPM_INTERNAL_STD,PPM_ACETIC_ACID,SHIFT_1,SIG_SHIFT_1,SHIFT_2,SIG_SHIFT_2,SHIFT_3,SIG_SHIFT_3,SHIFT_4,SIG_SHIFT_4,SHIFT_5,SIG_SHIFT_5,SHIFT_6,SIG_SHIFT_6,SHIFT_7,SIG_SHIFT_7,SHIFT_8,SIG_SHIFT_8,SHIFT_9,SIG_SHIFT_9,SHIFT_10,SIG_SHIFT_10,SHIFT_11,SIG_SHIFT_11,SHIFT_12,SIG_SHIFT_12,abundance_std,notes,Unnamed: 37
bd_ph9.2_ah_001,5.5,DMS,1.0,,1.0,,,0.59,1.1,1.909,6.55,0.002089364,5.66,0.007365008,7.33,0.116595208,6.88,0.001989248,7.7_6.9,0.33,,,,,,,,,,,,,,0.0,22973.5,,
bd_ph9.2_ah_001,12.0,DMS,1.0,,1.0,,,0.53,1.103,1.909,6.55,0.0006866789999999999,5.66,0.0038416929999999998,7.33,0.059249292,6.88,0.0015960660000000002,7.7_6.9,0.3,,,,,,,,,,,,,,,10776.5,,
bd_ph9.2_ah_001,16.5,DMS,1.0,,1.0,,,0.5,1.104,1.909,6.55,0.0,5.66,0.007532194,7.33,0.075402932,6.88,0.0023973429999999997,7.7_6.9,0.27,,,,,,,,,,,,,,,6173.5,,
bd_ph9.2_ah_001,20.0,DMS,1.0,,1.0,,,0.49,1.104,1.909,6.55,0.000309033,5.66,0.005054655999999999,7.33,0.03241555,6.88,0.001125997,7.7_6.9,0.29,,,,,,,,,,,,,,,12167.0,,
bd_ph9.2_ah_001,23.5,DMS,1.0,,1.0,,,0.47,1.1045,1.909,6.55,0.00031922900000000003,5.66,0.007744617,7.33,0.140438232,6.88,0.0018511520000000002,7.7_6.9,0.26,,,,,,,,,,,,,,,5294.0,,
bd_ph9.2_ah_001,27.0,DMS,1.0,,1.0,,,0.44,1.1055,1.909,6.55,0.0,5.66,0.003880534,7.33,0.073320013,6.88,0.001152592,7.7_6.9,0.26,,,,,,,,,,,,,,,9509.0,,
