MINS_ELAPSED,pH,M_BUTENEDIAL,M_C4H5NO,M_DIMER,M_DIAZEPINE
5.5,8.506322812887971,0.48513757569319016,0.0017180152300010619,0.006056003603527036,0.0016356931392754698
12.0,8.462831643180733,0.4358015510464251,0.0005646335344736002,0.003158897675555083,0.0013123925252310634
16.5,8.448970004336019,0.41113353872304254,0.0,0.0061934751471369376,0.00197125622224583
20.0,8.448970004336019,0.40291086794858166,0.00025410766174439604,0.0041562772166153185,0.0009258702624030593
23.5,8.442148484795592,0.38646552639966,0.00026249149686603633,0.006368143586529267,0.0015221413449484752
27.0,8.428714258915353,0.3617975140762774,0.0,0.0031908353511101665,0.0009477384553277381
