METRIC,X_0,k
avg,0.07910895546574556,0.0063052067218510865
se,0.006212516274051104,0.0018754389380707679
