METRIC,X_0,k
avg,0.14611126078856232,0.04741513201890757
se,0.0031353945555635436,0.002403792965604586
