METRIC,X_0,k
avg,0.23098103190989294,0.0051108402499944194
se,0.0018740233243886516,0.0006214825958337489
