METRIC,X_0,k
avg,0.19809738479651548,0.019501428767831896
se,0.0011923763092390421,0.0003288844952464002
